la_name,avg_imd,avg_income,avg_education,avg_health,education_vs_imd
Adur,17.709357142857144,0.10804761904761906,26.430261904761903,-0.036833333333333336,8.720904761904759
Allerdale,22.669183333333333,0.11931666666666667,27.3704,0.17775,4.701216666666667
Amber Valley,18.071410256410257,0.10920512820512822,25.971858974358977,0.13344871794871796,7.90044871794872
Arun,18.653734042553193,0.10374468085106384,24.6315,0.1380531914893617,5.977765957446806
Ashfield,26.502513513513513,0.1524864864864865,35.912932432432434,0.5584054054054054,9.410418918918921
Ashford,18.56555128205128,0.1092948717948718,22.59653846153846,-0.44458974358974357,4.03098717948718
Aylesbury Vale,11.033721739130435,0.06562608695652174,14.650826086956522,-0.8146173913043478,3.6171043478260874
Babergh,14.442555555555556,0.08203703703703703,18.518685185185184,-0.645537037037037,4.076129629629628
Barking and Dagenham,32.883472727272725,0.19421818181818182,25.84250909090909,0.22341818181818182,-7.040963636363635
Barnet,15.953625592417062,0.10918483412322275,7.7362606635071085,-1.08642654028436,-8.217364928909953
Barnsley,30.060891156462585,0.1700408163265306,37.20742857142857,0.8432925170068027,7.146537414965987
Barrow-in-Furness,31.56416326530612,0.16048979591836735,26.708326530612247,1.2645510204081634,-4.855836734693874
Basildon,22.80630909090909,0.1344909090909091,31.6428,-0.10373636363636363,8.836490909090912
Basingstoke and Deane,12.672642201834861,0.06948623853211008,16.404981651376147,-0.519211009174312,3.7323394495412856
Bassetlaw,23.015585714285713,0.1244,28.13627142857143,0.44602857142857144,5.120685714285717
Bath and North East Somerset,12.052582608695653,0.08105217391304348,14.53148695652174,-0.6351391304347825,2.478904347826086
Bedford,19.100135922330097,0.11363106796116505,18.904019417475727,-0.07340776699029126,-0.19611650485436982
Bexley,15.88236301369863,0.10224657534246576,18.281684931506852,-0.5743424657534246,2.399321917808223
Birmingham,37.608262910798125,0.21820031298904538,31.343888888888888,0.6694866979655713,-6.264374021909237
Blaby,10.924683333333332,0.07105,17.186500000000002,-0.47741666666666666,6.26181666666667
Blackburn with Darwen,35.81362637362637,0.20946153846153845,33.963153846153844,1.0583846153846155,-1.850472527472526
Blackpool,45.907638297872346,0.2515,39.02197872340425,1.6709255319148937,-6.885659574468093
Bolsover,25.007270833333333,0.14602083333333335,35.39825,0.6548541666666666,10.390979166666664
Bolton,30.14746892655367,0.1817909604519774,25.84628813559322,0.5827401129943502,-4.301180790960451
Boston,22.851916666666668,0.12719444444444444,40.783,0.0973611111111111,17.931083333333333
"Bournemouth, Christchurch and Poole",17.869158798283262,0.11044206008583692,19.46683261802575,-0.05538626609442061,1.5976738197424893
Bracknell Forest,10.282426666666668,0.06792000000000001,17.379506666666668,-0.8660800000000001,7.09708
Bradford,33.88911935483871,0.18415483870967742,36.15358709677419,0.6155225806451613,2.2644677419354764
Braintree,14.791563218390804,0.09258620689655173,21.668632183908045,-0.3673448275862069,6.877068965517241
Breckland,19.617294871794872,0.09899999999999999,33.07679487179487,-0.013589743589743596,13.459499999999995
Brent,25.19985549132948,0.15402312138728325,14.797491329479769,-0.45933526011560694,-10.402364161849711
Brentwood,10.041695652173914,0.06419565217391304,12.451347826086957,-1.0477173913043478,2.4096521739130434
Brighton and Hove,20.978539393939393,0.12525454545454545,18.80310303030303,0.10623636363636364,-2.1754363636363614
"Bristol, City of",26.24455513307985,0.13971863117870723,27.366330798479087,0.3289847908745247,1.1217756653992375
Broadland,11.767738095238096,0.07111904761904762,16.099107142857143,-0.5263928571428571,4.331369047619047
Bromley,13.969446700507616,0.08971065989847715,10.511751269035534,-0.9104670050761421,-3.4576954314720822
Bromsgrove,11.624172413793103,0.07151724137931034,10.83855172413793,-0.4782413793103448,-0.7856206896551718
Broxbourne,17.6,0.10485714285714286,24.958,-0.6989821428571429,7.357999999999997
Broxtowe,14.454845070422534,0.09785915492957747,16.66097183098592,-0.26609859154929577,2.206126760563384
Burnley,37.30198333333333,0.19935,34.97861666666667,1.0762833333333333,-2.323366666666665
Bury,23.250383333333332,0.14180833333333334,18.31905,0.2964833333333334,-4.931333333333331
Calderdale,26.73428125,0.151515625,21.8888359375,0.2910625,-4.845445312499997
Cambridge,15.434217391304347,0.08347826086956521,10.727014492753623,-0.42697101449275365,-4.707202898550724
Camden,19.981052631578947,0.13997744360902256,10.402774436090226,-0.570203007518797,-9.578278195488721
Cannock Chase,20.88928333333333,0.13011666666666666,30.804583333333333,0.15678333333333333,9.915300000000002
Canterbury,17.569200000000002,0.10426666666666667,18.739,-0.11753333333333332,1.1697999999999986
Carlisle,22.292338235294118,0.11823529411764708,29.49275,0.3689411764705883,7.200411764705883
Castle Point,16.84433333333333,0.10694736842105264,29.720157894736843,-0.30212280701754385,12.875824561403512
Central Bedfordshire,11.968337579617835,0.07547770700636942,16.903191082802547,-0.7004331210191083,4.934853503184712
Charnwood,13.339868686868686,0.08462626262626263,17.723292929292928,-0.4442929292929293,4.383424242424242
Chelmsford,12.06096261682243,0.07648598130841121,13.232953271028038,-0.8396822429906542,1.171990654205608
Cheltenham,14.291706666666666,0.09178666666666667,15.42768,-0.16325333333333333,1.1359733333333342
Cherwell,14.474225806451614,0.07502150537634408,21.204655913978495,-0.37630107526881723,6.730430107526882
Cheshire East,14.188901709401708,0.0820042735042735,14.301495726495727,-0.16578205128205128,0.11259401709401828
Cheshire West and Chester,18.308811320754717,0.1098679245283019,18.7825,0.12147641509433962,0.47368867924528146
Chesterfield,24.784884057971013,0.15208695652173912,25.513666666666666,0.8998840579710145,0.7287826086956528
Chichester,14.137478873239436,0.07828169014084507,14.815549295774648,-0.4433802816901409,0.6780704225352121
Chiltern,6.945192982456141,0.05231578947368421,6.09919298245614,-1.5270000000000001,-0.846000000000001
Chorley,16.862000000000002,0.10071212121212121,15.683045454545454,0.18981818181818183,-1.1789545454545483
City of London,14.805,0.06266666666666666,5.363499999999999,-0.6705,-9.441500000000001
Colchester,17.088638095238096,0.10112380952380953,18.379657142857145,-0.09255238095238096,1.2910190476190486
Copeland,25.19824489795918,0.12908163265306122,29.430183673469386,0.7514897959183674,4.231938775510205
Corby,26.821292682926828,0.1414390243902439,40.585243902439025,0.667951219512195,13.763951219512197
Cornwall,23.32192944785276,0.1314079754601227,19.101401840490798,0.0835,-4.220527607361962
Cotswold,10.974862745098038,0.06476470588235295,11.266372549019609,-0.8623333333333333,0.29150980392157066
County Durham,27.434944444444447,0.16869753086419753,25.480743827160495,0.7349598765432099,-1.9542006172839521
Coventry,25.35287692307692,0.15383589743589743,24.93694358974359,0.34272307692307696,-0.4159333333333315
Craven,13.18478125,0.07059375,13.0643125,-0.497125,-0.12046875000000057
Crawley,19.03369696969697,0.11004545454545454,28.149242424242424,-0.06368181818181819,9.115545454545455
Croydon,21.957304545454544,0.13383636363636364,15.444868181818181,-0.18925,-6.512436363636363
Dacorum,12.80554255319149,0.08390425531914893,16.33486170212766,-0.7502872340425532,3.529319148936171
Darlington,26.787,0.16,28.38163076923077,0.5826307692307693,1.594630769230772
Dartford,18.83653448275862,0.0946551724137931,19.57748275862069,-0.2332758620689655,0.7409482758620705
Daventry,13.333204545454548,0.07368181818181818,17.644295454545453,-0.5425681818181819,4.311090909090906
Derby,25.27052317880795,0.1517748344370861,32.07550993377483,0.4994105960264901,6.804986754966883
Derbyshire Dales,11.843325581395348,0.06851162790697675,12.30313953488372,-0.5452558139534884,0.4598139534883714
Doncaster,30.098355670103093,0.16457731958762886,39.45886597938144,0.6703144329896907,9.36051030927835
Dorset,15.624360730593608,0.08811872146118721,18.45276712328767,-0.3319543378995434,2.8284063926940632
Dover,22.08968656716418,0.13340298507462686,24.669223880597013,-0.029597014925373137,2.5795373134328337
Dudley,23.290910447761195,0.15058706467661692,27.410089552238805,0.2635771144278607,4.11917910447761
Ealing,22.55273979591837,0.13998979591836735,12.270423469387756,-0.32933163265306126,-10.282316326530614
East Cambridgeshire,11.54288,0.07002,16.6199,-0.92446,5.077020000000001
East Devon,12.706506172839507,0.08162962962962964,14.660419753086419,-0.6277037037037038,1.9539135802469119
East Hampshire,10.389000000000001,0.06170833333333333,11.326777777777778,-0.8358333333333333,0.9377777777777769
East Hertfordshire,8.353107142857144,0.06014285714285714,8.89054761904762,-1.403345238095238,0.5374404761904756
East Lindsey,29.65964197530864,0.162320987654321,32.02649382716049,0.5897530864197531,2.3668518518518518
East Northamptonshire,14.202326530612245,0.08553061224489795,23.23995918367347,-0.44551020408163267,9.037632653061225
East Riding of Yorkshire,15.798033333333333,0.09641904761904763,17.206766666666667,-0.3719714285714286,1.408733333333334
East Staffordshire,18.521930555555556,0.09940277777777778,21.813305555555555,0.022152777777777775,3.2913749999999986
East Suffolk,20.119979452054793,0.11513013698630138,25.24981506849315,-0.08694520547945206,5.129835616438356
Eastbourne,21.88967213114754,0.13927868852459016,24.898836065573768,0.04322950819672131,3.009163934426226
Eastleigh,10.065285714285714,0.06468831168831168,14.670220779220779,-0.775974025974026,4.604935064935065
Eden,16.25033333333333,0.06983333333333334,18.706249999999997,-0.5407777777777778,2.455916666666667
Elmbridge,8.006716049382716,0.05714814814814814,7.077234567901234,-1.4596419753086418,-0.9294814814814814
Enfield,25.403448087431695,0.168,19.878934426229506,-0.5437923497267759,-5.524513661202189
Epping Forest,14.7425,0.09056410256410256,19.345551282051282,-0.7800769230769231,4.6030512820512826
Epsom and Ewell,8.441204545454546,0.05404545454545455,8.065681818181817,-1.1485454545454545,-0.3755227272727293
Erewash,18.93386301369863,0.1212054794520548,27.027383561643838,0.01626027397260275,8.093520547945207
Exeter,16.315054054054055,0.09691891891891892,18.57339189189189,-0.05822972972972972,2.2583378378378356
Fareham,9.120712328767123,0.0564109589041096,10.852027397260274,-0.8181917808219178,1.731315068493151
Fenland,25.681490909090908,0.14143636363636364,38.063745454545455,0.5247454545454545,12.382254545454547
Folkestone and Hythe,23.985014925373136,0.14282089552238805,25.63458208955224,0.12925373134328358,1.6495671641791034
Forest of Dean,18.1901,0.10882,24.16874,-0.4039,5.978639999999999
Fylde,16.10894117647059,0.09705882352941177,12.389803921568628,0.23823529411764707,-3.7191372549019626
Gateshead,28.031841269841273,0.16633333333333333,26.781269841269843,0.8186666666666667,-1.2505714285714298
Gedling,14.967480519480521,0.10264935064935064,18.465480519480522,-0.24112987012987014,3.498000000000001
Gloucester,22.098628205128204,0.12739743589743588,27.49085897435897,0.4112435897435897,5.392230769230768
Gosport,20.036566037735852,0.10483018867924529,29.27,0.0659433962264151,9.233433962264147
Gravesham,20.742375,0.117515625,26.3478125,-0.165265625,5.605437500000001
Great Yarmouth,32.357245901639345,0.18081967213114752,40.88503278688525,0.5780983606557377,8.527786885245902
Greenwich,24.27517880794702,0.15654966887417218,15.446860927152319,-0.02839072847682119,-8.828317880794703
Guildford,9.723202380952381,0.05895238095238095,11.569666666666667,-0.957202380952381,1.8464642857142852
Hackney,32.868201388888885,0.1984513888888889,15.137465277777778,0.3936041666666667,-17.730736111111106
Halton,32.8756835443038,0.1880886075949367,30.18084810126582,0.9676075949367089,-2.6948354430379773
Hambleton,11.90623076923077,0.06792307692307692,14.828038461538462,-0.7567692307692307,2.9218076923076914
Hammersmith and Fulham,22.32622123893805,0.14230088495575222,8.119805309734513,-0.04784070796460177,-14.206415929203537
Harborough,8.06731914893617,0.05640425531914893,11.118851063829787,-1.0454893617021277,3.0515319148936175
Haringey,27.587200000000003,0.1682896551724138,17.059593103448275,-0.13529655172413793,-10.527606896551728
Harlow,21.649870370370373,0.13533333333333333,27.354314814814817,0.22587037037037036,5.704444444444444
Harrogate,10.756365384615385,0.061836538461538464,10.282259615384616,-0.606423076923077,-0.4741057692307695
Harrow,14.860883211678832,0.10748905109489051,8.100941605839417,-1.042875912408759,-6.7599416058394155
Hart,5.6826491228070175,0.042035087719298245,6.565350877192983,-1.5186842105263159,0.8827017543859652
Hartlepool,34.85312068965517,0.22624137931034483,29.520224137931034,0.8741896551724139,-5.3328965517241365
Hastings,34.58694339622642,0.20381132075471697,33.4268679245283,0.6535660377358491,-1.1600754716981143
Havant,21.7630641025641,0.12555128205128205,30.53397435897436,0.05929487179487179,8.770910256410257
Havering,16.35052,0.10468,22.33428,-0.55384,5.98376
"Herefordshire, County of",18.96776724137931,0.09847413793103449,20.336241379310344,-0.3105603448275862,1.3684741379310346
Hertsmere,14.021645161290323,0.08933870967741935,13.833612903225806,-0.6754516129032259,-0.18803225806451707
High Peak,15.905423728813561,0.09808474576271187,18.122406779661016,0.038254237288135595,2.216983050847455
Hillingdon,17.839329192546586,0.11225465838509317,16.02716149068323,-0.3888757763975155,-1.8121677018633555
Hinckley and Bosworth,13.518257575757577,0.08203030303030302,21.668166666666664,-0.42045454545454547,8.149909090909087
Horsham,9.571308641975309,0.0542716049382716,9.318925925925926,-0.9022222222222221,-0.25238271604938234
Hounslow,21.371711267605633,0.12852112676056338,13.431267605633803,-0.27467605633802816,-7.94044366197183
Huntingdonshire,12.457009523809525,0.07226666666666667,18.275095238095236,-0.6016190476190476,5.818085714285711
Hyndburn,33.82386538461538,0.17896153846153848,29.73225,1.0701153846153846,-4.09161538461538
Ipswich,25.704141176470586,0.1403529411764706,33.134376470588236,0.4012117647058824,7.430235294117651
Isle of Wight,23.294426966292136,0.1374494382022472,25.824921348314607,0.08731460674157303,2.5304943820224715
Isles of Scilly,12.005,0.029,9.671,-2.625,-2.3340000000000014
Islington,27.706040650406504,0.18042276422764228,12.489780487804877,0.2869349593495935,-15.216260162601627
Kensington and Chelsea,22.019300970873786,0.12111650485436892,5.418097087378641,-1.2079805825242718,-16.601203883495145
Kettering,18.2589649122807,0.10757894736842105,23.393421052631577,0.029754385964912283,5.134456140350878
King's Lynn and West Norfolk,23.63096629213483,0.11983146067415731,32.89159550561798,0.4480898876404495,9.26062921348315
"Kingston upon Hull, City of",40.33506626506024,0.2258855421686747,41.744295180722894,0.8486686746987951,1.409228915662652
Kingston upon Thames,11.303244897959184,0.07807142857142857,6.990132653061225,-0.9602653061224489,-4.313112244897959
Kirklees,24.868088803088803,0.14176447876447876,24.922050193050193,0.15965637065637064,0.05396138996139044
Knowsley,43.5624387755102,0.25476530612244896,42.51464285714286,1.3973469387755102,-1.047795918367342
Lambeth,25.797247191011234,0.1562696629213483,10.740011235955055,0.16851123595505618,-15.057235955056179
Lancaster,24.73073033707865,0.13347191011235954,20.742494382022475,0.5513595505617978,-3.988235955056176
Leeds,27.243360995850622,0.14406016597510374,26.24549377593361,0.40836514522821576,-0.997867219917012
Leicester,30.894651041666666,0.19670833333333335,37.296848958333335,0.5881354166666667,6.402197916666669
Lewes,15.762306451612904,0.0987258064516129,20.482209677419355,-0.38737096774193547,4.719903225806451
Lewisham,26.86936094674556,0.16620118343195267,14.080958579881656,0.07952071005917159,-12.788402366863902
Lichfield,12.668620689655173,0.08424137931034482,15.852120689655173,-0.41296551724137937,3.1835000000000004
Lincoln,27.388859649122807,0.1589122807017544,31.755491228070177,0.6718947368421053,4.36663157894737
Liverpool,42.517922818791945,0.23623489932885905,33.49872147651007,1.3433322147651006,-9.019201342281875
Luton,25.034743801652894,0.15005785123966942,26.384892561983474,0.2631074380165289,1.3501487603305797
Maidstone,16.175168421052632,0.09226315789473685,18.68497894736842,-0.4978631578947368,2.509810526315789
Maldon,14.016925,0.085875,20.441925,-0.532825,6.425000000000001
Malvern Hills,16.122622222222223,0.09353333333333333,12.179511111111111,-0.5636888888888889,-3.9431111111111115
Manchester,39.98703900709219,0.2185,28.119602836879434,1.2031347517730495,-11.867436170212759
Mansfield,28.4310447761194,0.15592537313432833,36.70102985074627,0.7488059701492538,8.269985074626867
Medway,23.79322699386503,0.1335521472392638,28.00545398773006,0.07670552147239264,4.2122269938650305
Melton,12.558766666666665,0.07210000000000001,15.501366666666666,-0.5684,2.9426000000000005
Mendip,16.72507575757576,0.10081818181818182,18.066545454545455,-0.20134848484848483,1.3414696969696962
Merton,14.34733064516129,0.0982258064516129,9.003645161290322,-0.6362016129032257,-5.343685483870967
Mid Devon,17.320372093023256,0.09413953488372093,20.05120930232558,-0.7343023255813953,2.730837209302326
Mid Suffolk,13.388214285714286,0.07208928571428572,16.37623214285714,-0.8544821428571429,2.9880178571428555
Mid Sussex,7.737162790697674,0.05336046511627907,10.43389534883721,-1.2152558139534884,2.6967325581395354
Middlesbrough,40.44311627906977,0.25132558139534883,38.78923255813953,1.1920697674418606,-1.6538837209302386
Milton Keynes,17.95475,0.11051973684210525,19.305138157894735,-0.14284868421052632,1.3503881578947343
Mole Valley,9.139111111111111,0.05301851851851852,8.51961111111111,-0.8724074074074074,-0.6195000000000004
New Forest,13.113315789473683,0.07640350877192983,15.104184210526315,-0.6157719298245613,1.9908684210526317
Newark and Sherwood,19.029042857142855,0.10727142857142857,25.582685714285713,-0.05229999999999999,6.553642857142858
Newcastle upon Tyne,29.84830285714286,0.18089714285714287,28.31299428571429,0.80584,-1.535308571428569
Newcastle-under-Lyme,19.1869125,0.1096,23.64265,0.3468625,4.4557375000000015
Newham,29.771079268292684,0.17152439024390242,18.050993902439025,-0.010640243902439025,-11.72008536585366
North Devon,20.81246551724138,0.11277586206896552,21.04489655172414,0.1623103448275862,0.23243103448275804
North East Derbyshire,17.187698412698413,0.1101904761904762,23.049904761904763,0.14958730158730157,5.86220634920635
North East Lincolnshire,32.04679245283019,0.1930377358490566,36.72784905660377,0.4314150943396226,4.681056603773584
North Hertfordshire,11.826146341463415,0.07939024390243903,13.122085365853659,-0.6931951219512195,1.2959390243902433
North Kesteven,11.661015625,0.08203125,13.6224375,-0.56590625,1.961421875000001
North Lincolnshire,21.929435643564357,0.13185148514851486,28.04187128712871,0.22757425742574258,6.112435643564353
North Norfolk,21.107516129032255,0.10803225806451613,24.591903225806455,0.026516129032258064,3.484387096774199
North Somerset,15.883244444444443,0.10085185185185186,16.94154074074074,-0.24852592592592593,1.058296296296298
North Tyneside,22.11335114503817,0.14293129770992366,20.525000000000002,0.42604580152671756,-1.5883511450381675
North Warwickshire,17.993052631578948,0.097,25.643526315789472,-0.09547368421052632,7.6504736842105245
North West Leicestershire,14.761672413793104,0.09036206896551724,22.021206896551725,-0.15532758620689655,7.259534482758621
Northampton,23.23884210526316,0.12255639097744361,26.46335338345865,0.350796992481203,3.2245112781954894
Northumberland,21.903492385786805,0.12487817258883248,22.399725888324873,0.19485279187817262,0.4962335025380682
Norwich,28.083301204819275,0.1654698795180723,34.42062650602409,0.7127951807228916,6.337325301204817
Nottingham,35.73131318681319,0.20558241758241758,38.10362637362637,0.8736318681318681,2.37231318681318
Nuneaton and Bedworth,22.882703703703704,0.13149382716049382,29.14459259259259,0.26312345679012344,6.261888888888887
Oadby and Wigston,13.147611111111111,0.08752777777777777,18.052861111111113,-0.15733333333333335,4.905250000000002
Oldham,32.287078014184395,0.1863049645390071,34.110524822695034,0.6496170212765958,1.8234468085106386
Oxford,16.98675903614458,0.099144578313253,17.347614457831327,-0.22638554216867468,0.3608554216867468
Pendle,30.239421052631577,0.16442105263157894,32.314824561403505,0.6500350877192982,2.0754035087719274
Peterborough,27.605464285714284,0.1538392857142857,33.75329464285714,0.42741071428571425,6.147830357142858
Plymouth,26.36757142857143,0.14727329192546582,25.65511801242236,0.6517950310559005,-0.7124534161490708
Portsmouth,26.822400000000002,0.133512,27.713976,0.261776,0.891575999999997
Preston,28.928255813953488,0.15866279069767442,25.0515,0.7514186046511628,-3.876755813953487
Reading,19.960051546391753,0.11561855670103093,21.280515463917528,-0.012824742268041232,1.3204639175257746
Redbridge,16.90785093167702,0.11861490683229814,10.956422360248446,-0.7491055900621117,-5.9514285714285755
Redcar and Cleveland,29.841329545454542,0.1855340909090909,27.74535227272727,0.807034090909091,-2.0959772727272714
Redditch,22.390454545454542,0.12236363636363637,27.9252,0.3736545454545455,5.534745454545458
Reigate and Banstead,11.379139534883722,0.06755813953488371,12.243430232558138,-0.657546511627907,0.8642906976744165
Ribble Valley,10.295325,0.05585,7.1792,-0.448625,-3.1161250000000003
Richmond upon Thames,9.423121739130435,0.06398260869565217,3.4876260869565217,-1.3772869565217392,-5.9354956521739135
Richmondshire,12.312411764705883,0.06082352941176471,16.844323529411763,-0.6804411764705882,4.53191176470588
Rochdale,33.30633582089552,0.19313432835820896,29.92368656716418,0.8231194029850747,-3.3826492537313406
Rochford,10.532018867924528,0.07362264150943397,20.749886792452827,-0.9385283018867924,10.2178679245283
Rossendale,24.96144186046512,0.14983720930232558,22.635162790697674,0.3996511627906976,-2.3262790697674447
Rother,19.799706896551726,0.11329310344827585,19.609724137931035,-0.07275862068965516,-0.18998275862069036
Rotherham,29.347473053892216,0.16680239520958084,33.07543113772455,0.8183233532934131,3.727958083832334
Rugby,13.907311475409836,0.0858688524590164,15.345098360655738,-0.3747377049180328,1.4377868852459024
Runnymede,12.262173076923078,0.0665576923076923,13.824961538461539,-0.7500961538461539,1.5627884615384602
Rushcliffe,7.288176470588235,0.06051470588235294,6.097397058823529,-1.0936911764705881,-1.190779411764706
Rushmoor,15.662706896551724,0.10194827586206898,18.915241379310345,-0.12889655172413794,3.2525344827586213
Rutland,8.706521739130435,0.05499999999999999,7.436521739130434,-1.04,-1.2700000000000014
Ryedale,15.708966666666667,0.08233333333333333,18.054466666666666,-0.5496666666666666,2.3454999999999995
Salford,33.998,0.19051333333333334,30.480113333333332,0.9911266666666667,-3.5178866666666657
Sandwell,34.87560752688172,0.2142741935483871,37.01766666666667,0.7056129032258065,2.1420591397849478
Scarborough,26.126422535211265,0.1438450704225352,29.034732394366195,0.5030985915492957,2.9083098591549295
Sedgemoor,21.458357142857142,0.11798571428571429,25.570214285714286,-0.04105714285714287,4.1118571428571435
Sefton,27.281365079365077,0.1632222222222222,20.820597883597884,0.7614603174603174,-6.460767195767193
Selby,12.67568,0.07852,18.62338,-0.49576,5.947700000000001
Sevenoaks,12.566662162162162,0.0761081081081081,13.466959459459458,-1.0197162162162163,0.9002972972972962
Sheffield,26.953753623188405,0.15634202898550725,29.04570724637681,0.46291594202898545,2.091953623188406
Shropshire,17.400854922279795,0.09727979274611398,18.091699481865284,-0.3329689119170985,0.6908445595854893
Slough,23.0155125,0.126125,20.078975,0.16405,-2.9365375
Solihull,17.75452985074627,0.11064925373134328,18.82329104477612,-0.23095522388059703,1.0687611940298503
Somerset West and Taunton,19.516931818181817,0.10552272727272727,19.446772727272727,-0.03635227272727272,-0.07015909090909034
South Bucks,9.57255,0.057199999999999994,8.7813,-1.286,-0.7912499999999998
South Cambridgeshire,8.6168125,0.05566666666666667,6.661520833333333,-1.1227083333333334,-1.9552916666666667
South Derbyshire,14.523499999999999,0.08308620689655172,21.1808275862069,-0.16910344827586207,6.6573275862069
South Gloucestershire,11.62049696969697,0.0731030303030303,18.640006060606062,-0.7924545454545454,7.019509090909091
South Hams,13.585408163265305,0.08742857142857142,8.625551020408164,-0.5671632653061225,-4.959857142857141
South Holland,18.023897959183675,0.10365306122448979,32.5715918367347,-0.18728571428571428,14.547693877551023
South Kesteven,13.317061728395062,0.09193827160493827,16.419938271604938,-0.500358024691358,3.1028765432098755
South Lakeland,12.229677966101695,0.06186440677966101,11.472169491525422,-0.4805254237288135,-0.757508474576273
South Norfolk,13.63474074074074,0.07865432098765433,15.51353086419753,-0.5855432098765432,1.87879012345679
South Northamptonshire,7.68343137254902,0.04933333333333333,10.831803921568628,-1.0101960784313726,3.1483725490196086
South Oxfordshire,8.32867415730337,0.053865168539325846,11.680550561797752,-1.2186404494382024,3.351876404494382
South Ribble,15.741685714285714,0.09344285714285715,14.417971428571429,0.12572857142857144,-1.323714285714285
South Somerset,17.401912621359223,0.09618446601941748,20.037893203883492,-0.21532038834951456,2.635980582524269
South Staffordshire,13.198617647058823,0.08704411764705883,16.91989705882353,-0.46142647058823527,3.721279411764707
South Tyneside,31.538480392156863,0.20581372549019605,27.388264705882353,0.8662254901960784,-4.15021568627451
Southampton,27.261945945945946,0.13769594594594595,27.46356756756757,0.5482162162162162,0.2016216216216229
Southend-on-Sea,21.6996261682243,0.14051401869158878,24.56196261682243,0.037233644859813085,2.862336448598132
Southwark,26.041289156626508,0.16369277108433733,11.091240963855421,0.12434939759036144,-14.950048192771087
Spelthorne,14.863,0.0785,18.082749999999997,-0.5618666666666667,3.2197499999999977
St Albans,8.335448275862069,0.059356321839080455,4.9767586206896555,-1.314241379310345,-3.3586896551724132
St. Helens,31.513142857142856,0.18111764705882355,27.75921848739496,1.070966386554622,-3.753924369747896
Stafford,13.542349999999999,0.0779625,13.918587500000001,-0.215725,0.376237500000002
Staffordshire Moorlands,15.205966101694916,0.0856949152542373,18.58708474576271,-0.23135593220338985,3.3811186440677936
Stevenage,19.67153846153846,0.1221923076923077,25.49361538461538,-0.08692307692307691,5.822076923076921
Stockport,20.294915789473684,0.11687368421052631,17.3132,0.334678947368421,-2.981715789473686
Stockton-on-Tees,25.244108333333333,0.16101666666666667,24.199158333333333,0.67,-1.04495
Stoke-on-Trent,34.04472327044025,0.1871761006289308,38.636716981132075,1.0241509433962264,4.591993710691824
Stratford-on-Avon,11.747397260273974,0.06924657534246575,9.425013698630137,-0.5867534246575342,-2.3223835616438375
Stroud,10.821985507246376,0.07784057971014494,12.042927536231884,-0.5700579710144928,1.2209420289855082
Sunderland,30.635486486486485,0.19304864864864865,30.624032432432433,0.825081081081081,-0.01145405405405242
Surrey Heath,7.960890909090909,0.05287272727272727,9.621072727272727,-0.9551454545454545,1.660181818181818
Sutton,13.820280991735537,0.09361157024793389,11.827884297520662,-0.575396694214876,-1.9923966942148752
Swale,27.344635294117644,0.15002352941176472,34.455600000000004,0.25383529411764705,7.11096470588236
Swindon,18.510363636363635,0.10898484848484849,24.642386363636366,0.020310606060606064,6.13202272727273
Tameside,30.816893617021275,0.1718014184397163,28.697113475177307,0.8399503546099292,-2.119780141843968
Tamworth,20.981333333333332,0.12541176470588236,30.962274509803922,0.2645294117647059,9.98094117647059
Tandridge,12.05962,0.06328,12.72202,-0.63274,0.6623999999999999
Teignbridge,15.660142857142857,0.09980952380952382,15.45320238095238,-0.27667857142857144,-0.20694047619047673
Telford and Wrekin,25.34003703703704,0.1570925925925926,28.27875,0.46691666666666665,2.93871296296296
Tendring,30.036853932584272,0.16946067415730337,35.13529213483146,0.6831797752808988,5.098438202247188
Test Valley,11.59823943661972,0.06502816901408451,13.389704225352112,-0.7202676056338029,1.7914647887323927
Tewkesbury,12.09806,0.07644000000000001,15.79808,-0.5806,3.7000200000000003
Thanet,30.315440476190474,0.17946428571428572,31.204273809523812,0.3576547619047619,0.8888333333333378
Three Rivers,9.83277358490566,0.07018867924528302,12.03411320754717,-1.0890377358490566,2.2013396226415107
Thurrock,20.632714285714286,0.1276122448979592,30.26318367346939,-0.2426938775510204,9.630469387755102
Tonbridge and Malling,13.16238888888889,0.07959722222222222,16.915777777777777,-0.7328472222222222,3.753388888888887
Torbay,27.75514606741573,0.1717191011235955,25.243966292134832,0.5012696629213483,-2.5111797752808975
Torridge,23.011891891891892,0.11943243243243243,24.066324324324324,0.10486486486486486,1.0544324324324315
Tower Hamlets,27.970458333333333,0.1907222222222222,16.96238888888889,0.2098611111111111,-11.008069444444445
Trafford,15.912528985507247,0.10547826086956523,10.555427536231884,-0.07752898550724638,-5.357101449275364
Tunbridge Wells,11.351823529411764,0.07302941176470588,12.599279411764705,-0.8654999999999999,1.2474558823529414
Uttlesford,9.281565217391304,0.05386956521739131,9.81136956521739,-1.298,0.5298043478260865
Vale of White Horse,8.382750000000001,0.05781578947368421,11.93978947368421,-1.1011973684210528,3.557039473684208
Wakefield,27.23937320574163,0.14644976076555025,35.705028708133966,0.543622009569378,8.465655502392337
Walsall,30.708137724550898,0.19417964071856286,36.928287425149705,0.5392335329341318,6.220149700598807
Waltham Forest,25.136930555555555,0.15169444444444447,16.974020833333334,-0.16199305555555557,-8.16290972222222
Wandsworth,16.420262569832403,0.10506145251396648,6.428860335195531,-0.4036033519553073,-9.991402234636872
Warrington,18.95548031496063,0.10914173228346458,18.79775590551181,0.30148818897637797,-0.1577244094488215
Warwick,12.065558139534883,0.07183720930232558,9.802906976744186,-0.31003488372093024,-2.2626511627906964
Watford,15.429849056603775,0.09266037735849056,13.22798113207547,-0.3966603773584906,-2.2018679245283046
Waverley,7.616134146341464,0.055109756097560976,7.743841463414634,-0.9055000000000001,0.1277073170731704
Wealden,12.487631578947369,0.07397894736842106,14.577073684210525,-0.9272842105263158,2.0894421052631564
Wellingborough,21.903425531914895,0.1280851063829787,29.948702127659573,0.16406382978723405,8.045276595744678
Welwyn Hatfield,13.99989552238806,0.08613432835820896,15.866402985074627,-0.46259701492537314,1.8665074626865668
West Berkshire,9.889938144329896,0.06396907216494846,13.484577319587627,-0.8912371134020619,3.594639175257731
West Devon,18.011741935483872,0.09683870967741937,12.999709677419354,-0.17029032258064516,-5.012032258064519
West Lancashire,18.82278082191781,0.12501369863013698,19.404150684931505,0.023219178082191774,0.5813698630136948
West Lindsey,20.90146153846154,0.12561538461538463,20.298365384615387,-0.005634615384615387,-0.6030961538461526
West Oxfordshire,8.76909090909091,0.059954545454545455,13.59569696969697,-0.9031363636363636,4.826606060606061
West Suffolk,16.08437,0.08119,22.918020000000002,-0.30101,6.833650000000002
Westminster,20.33184375,0.1335546875,8.3206328125,-0.8354453125,-12.011210937500001
Wigan,25.528415,0.146605,26.459195,0.616455,0.9307800000000022
Wiltshire,13.566312280701753,0.07856491228070175,16.78281052631579,-0.5537684210526316,3.2164982456140354
Winchester,9.671557142857143,0.05885714285714286,9.044614285714287,-1.0202714285714285,-0.6269428571428559
Windsor and Maidenhead,8.460516853932583,0.058516853932584274,9.240460674157303,-1.0113258426966292,0.7799438202247195
Wirral,29.43321359223301,0.17364563106796116,21.358048543689318,0.960995145631068,-8.075165048543692
Woking,10.565262295081967,0.066,9.969704918032788,-0.6569180327868853,-0.5955573770491789
Wokingham,5.819434343434343,0.044040404040404046,6.274747474747476,-1.5329393939393938,0.4553131313131322
Wolverhampton,31.51603797468354,0.20724050632911392,31.114898734177217,0.5968417721518987,-0.40113924050632477
Worcester,21.261714285714287,0.1201904761904762,21.347761904761906,0.07496825396825396,0.08604761904761915
Worthing,16.76829230769231,0.09952307692307692,18.503215384615384,-0.0943076923076923,1.7349230769230743
Wychavon,15.687166666666666,0.08444871794871794,17.30896153846154,-0.5550128205128205,1.6217948717948723
Wycombe,10.32856074766355,0.07373831775700934,13.609233644859813,-1.0444579439252337,3.280672897196263
Wyre,22.13468115942029,0.13243478260869565,20.497289855072466,0.5040144927536232,-1.6373913043478225
Wyre Forest,21.4184,0.12150769230769232,24.695138461538463,-0.08921538461538463,3.2767384615384643
York,11.942108333333332,0.07379166666666667,15.948658333333332,-0.2983333333333333,4.006550000000001
